	result.test_acc	feat.last_char	feat.use_padding	feat.sample_per_class	feat.include_smaller_ngrams	feat.N	model.nb_epoch	model.batch_size	model.input_dim	model.layers
453	0.9853333333333332	6.0	True	30000.0	True	2.0	300.0	500.0	5510.0	(40, 40)
540	0.9851666666666666	6.0	True	30000.0	True	2.0	300.0	500.0	5510.0	(50, 70)
606	0.9850833333333332	6.0	True	30000.0	True	2.0	300.0	500.0	5510.0	(130,)
483	0.985	6.0	True	30000.0	True	3.0	300.0	500.0	24318.0	(40, 40)
489	0.9841666666666666	8.0	True	30000.0	True	3.0	300.0	500.0	34117.0	(40, 40)
468	0.9840833333333332	6.0	True	30000.0	True	2.0	500.0	200.0	5510.0	(40, 40)
562	0.9840833333333332	6.0	True	30000.0	True	2.0	300.0	500.0	5510.0	(70, 90)
529	0.9840000000000001	6.0	True	30000.0	True	2.0	300.0	500.0	5510.0	(40, 60)
482	0.9838333333333332	6.0	True	30000.0	True	2.0	300.0	500.0	5510.0	(40, 40)
559	0.9836666666666668	6.0	True	30000.0	True	2.0	300.0	500.0	5510.0	(70, 60)
547	0.9835833333333334	6.0	True	30000.0	True	2.0	300.0	500.0	5510.0	(60, 40)
463	0.9835	6.0	True	30000.0	True	2.0	400.0	2000.0	5510.0	(40, 40)
563	0.9835	6.0	True	30000.0	True	2.0	300.0	500.0	5510.0	(70, 100)
564	0.9831666666666666	6.0	True	30000.0	True	2.0	300.0	500.0	5510.0	(80, 10)
614	0.983	6.0	True	30000.0	True	2.0	300.0	500.0	5510.0	(10, 10, 10)
604	0.9829166666666668	6.0	True	30000.0	True	2.0	300.0	500.0	5510.0	(110,)
579	0.9829166666666668	6.0	True	30000.0	True	2.0	300.0	500.0	5510.0	(90, 60)
612	0.9828333333333332	6.0	True	30000.0	True	2.0	300.0	500.0	5510.0	(190,)
532	0.9826666666666668	6.0	True	30000.0	True	2.0	300.0	500.0	5510.0	(40, 90)
513	0.9826666666666668	6.0	True	30000.0	True	2.0	300.0	500.0	5510.0	(20, 100)
568	0.9826666666666668	6.0	True	30000.0	True	2.0	300.0	500.0	5510.0	(80, 50)
596	0.9825	6.0	True	30000.0	True	2.0	300.0	500.0	5510.0	(30,)
494	0.9825	6.0	True	30000.0	True	2.0	300.0	500.0	5510.0	(10, 10)
534	0.9825	6.0	True	30000.0	True	2.0	300.0	500.0	5510.0	(50, 10)
558	0.9825	6.0	True	30000.0	True	2.0	300.0	500.0	5510.0	(70, 50)
515	0.9825	6.0	True	30000.0	True	2.0	300.0	500.0	5510.0	(30, 20)
508	0.9823333333333332	6.0	True	30000.0	True	2.0	300.0	500.0	5510.0	(20, 50)
592	0.9823333333333332	6.0	True	30000.0	True	2.0	300.0	500.0	5510.0	(100, 90)
522	0.9823333333333332	6.0	True	30000.0	True	2.0	300.0	500.0	5510.0	(30, 90)
609	0.9823333333333332	6.0	True	30000.0	True	2.0	300.0	500.0	5510.0	(160,)
610	0.9823333333333332	6.0	True	30000.0	True	2.0	300.0	500.0	5510.0	(170,)
548	0.9823333333333332	6.0	True	30000.0	True	2.0	300.0	500.0	5510.0	(60, 50)
545	0.9823333333333332	6.0	True	30000.0	True	2.0	300.0	500.0	5510.0	(60, 20)
581	0.9823333333333332	6.0	True	30000.0	True	2.0	300.0	500.0	5510.0	(90, 80)
560	0.9821666666666666	6.0	True	30000.0	True	2.0	300.0	500.0	5510.0	(70, 70)
492	0.9821666666666666	9.0	True	30000.0	True	3.0	300.0	500.0	38028.0	(40, 40)
493	0.9821666666666666	9.0	True	30000.0	True	3.0	300.0	500.0	38028.0	(10, 10)
538	0.9821666666666666	6.0	True	30000.0	True	2.0	300.0	500.0	5510.0	(50, 50)
516	0.9821666666666666	6.0	True	30000.0	True	2.0	300.0	500.0	5510.0	(30, 30)
451	0.9821666666666666	6.0	True	30000.0	True	2.0	300.0	100.0	5510.0	(40, 40)
622	0.9821666666666666	6.0	True	30000.0	True	2.0	300.0	500.0	5510.0	(20, 20, 10)
546	0.9820833333333332	6.0	True	30000.0	True	2.0	300.0	500.0	5510.0	(60, 30)
543	0.9820833333333332	6.0	True	30000.0	True	2.0	300.0	500.0	5510.0	(50, 100)
504	0.9820833333333332	6.0	True	30000.0	True	2.0	300.0	500.0	5510.0	(20, 10)
595	0.982	6.0	True	30000.0	True	2.0	300.0	500.0	5510.0	(20,)
567	0.982	6.0	True	30000.0	True	2.0	300.0	500.0	5510.0	(80, 40)
470	0.982	6.0	True	30000.0	True	2.0	500.0	1000.0	5510.0	(40, 40)
531	0.982	6.0	True	30000.0	True	2.0	300.0	500.0	5510.0	(40, 80)
485	0.982	7.0	True	30000.0	True	2.0	300.0	500.0	6426.0	(40, 40)
525	0.982	6.0	True	30000.0	True	2.0	300.0	500.0	5510.0	(40, 20)
526	0.982	6.0	True	30000.0	True	2.0	300.0	500.0	5510.0	(40, 30)
524	0.9819166666666668	6.0	True	30000.0	True	2.0	300.0	500.0	5510.0	(40, 10)
541	0.9818333333333332	6.0	True	30000.0	True	2.0	300.0	500.0	5510.0	(50, 80)
537	0.9818333333333332	6.0	True	30000.0	True	2.0	300.0	500.0	5510.0	(50, 40)
528	0.9818333333333332	6.0	True	30000.0	True	2.0	300.0	500.0	5510.0	(40, 50)
500	0.9818333333333332	6.0	True	30000.0	True	2.0	300.0	500.0	5510.0	(10, 70)
527	0.9818333333333332	6.0	True	30000.0	True	2.0	300.0	500.0	5510.0	(40, 40)
512	0.9818333333333332	6.0	True	30000.0	True	2.0	300.0	500.0	5510.0	(20, 90)
520	0.9818333333333332	6.0	True	30000.0	True	2.0	300.0	500.0	5510.0	(30, 70)
586	0.9818333333333332	6.0	True	30000.0	True	2.0	300.0	500.0	5510.0	(100, 30)
577	0.98175	6.0	True	30000.0	True	2.0	300.0	500.0	5510.0	(90, 40)
619	0.9816666666666668	6.0	True	30000.0	True	2.0	300.0	500.0	5510.0	(10, 30, 20)
486	0.9816666666666668	7.0	True	30000.0	True	3.0	300.0	500.0	29549.0	(40, 40)
615	0.9816666666666668	6.0	True	30000.0	True	2.0	300.0	500.0	5510.0	(10, 10, 20)
517	0.9815833333333334	6.0	True	30000.0	True	2.0	300.0	500.0	5510.0	(30, 40)
602	0.9814166666666668	6.0	True	30000.0	True	2.0	300.0	500.0	5510.0	(90,)
607	0.9814166666666668	6.0	True	30000.0	True	2.0	300.0	500.0	5510.0	(140,)
460	0.9813333333333332	6.0	True	30000.0	True	2.0	400.0	200.0	5510.0	(40, 40)
574	0.9813333333333332	6.0	True	30000.0	True	2.0	300.0	500.0	5510.0	(90, 10)
533	0.98125	6.0	True	30000.0	True	2.0	300.0	500.0	5510.0	(40, 100)
542	0.98125	6.0	True	30000.0	True	2.0	300.0	500.0	5510.0	(50, 90)
511	0.98125	6.0	True	30000.0	True	2.0	300.0	500.0	5510.0	(20, 80)
555	0.9811666666666666	6.0	True	30000.0	True	2.0	300.0	500.0	5510.0	(70, 20)
608	0.9811666666666666	6.0	True	30000.0	True	2.0	300.0	500.0	5510.0	(150,)
510	0.9810833333333332	6.0	True	30000.0	True	2.0	300.0	500.0	5510.0	(20, 70)
471	0.981	6.0	True	30000.0	True	2.0	500.0	2000.0	5510.0	(40, 40)
523	0.981	6.0	True	30000.0	True	2.0	300.0	500.0	5510.0	(30, 100)
566	0.981	6.0	True	30000.0	True	2.0	300.0	500.0	5510.0	(80, 30)
509	0.9809166666666668	6.0	True	30000.0	True	2.0	300.0	500.0	5510.0	(20, 60)
469	0.9809166666666668	6.0	True	30000.0	True	2.0	500.0	500.0	5510.0	(40, 40)
613	0.9809166666666668	6.0	True	30000.0	True	2.0	300.0	500.0	5510.0	(200,)
575	0.9809166666666668	6.0	True	30000.0	True	2.0	300.0	500.0	5510.0	(90, 20)
623	0.9808333333333332	6.0	True	30000.0	True	2.0	300.0	500.0	5510.0	(20, 20, 20)
600	0.9808333333333332	6.0	True	30000.0	True	2.0	300.0	500.0	5510.0	(70,)
605	0.9808333333333332	6.0	True	30000.0	True	2.0	300.0	500.0	5510.0	(120,)
530	0.9806666666666668	6.0	True	30000.0	True	2.0	300.0	500.0	5510.0	(40, 70)
561	0.9806666666666668	6.0	True	30000.0	True	2.0	300.0	500.0	5510.0	(70, 80)
488	0.9806666666666668	8.0	True	30000.0	True	2.0	300.0	500.0	7254.0	(40, 40)
536	0.9805833333333334	6.0	True	30000.0	True	2.0	300.0	500.0	5510.0	(50, 30)
553	0.9805	6.0	True	30000.0	True	2.0	300.0	500.0	5510.0	(60, 100)
582	0.9805	6.0	True	30000.0	True	2.0	300.0	500.0	5510.0	(90, 90)
571	0.9805	6.0	True	30000.0	True	2.0	300.0	500.0	5510.0	(80, 80)
570	0.9805	6.0	True	30000.0	True	2.0	300.0	500.0	5510.0	(80, 70)
569	0.9804166666666668	6.0	True	30000.0	True	2.0	300.0	500.0	5510.0	(80, 60)
621	0.9804166666666668	6.0	True	30000.0	True	2.0	300.0	500.0	5510.0	(20, 10, 20)
462	0.9803333333333332	6.0	True	30000.0	True	2.0	400.0	1000.0	5510.0	(40, 40)
497	0.9803333333333332	6.0	True	30000.0	True	2.0	300.0	500.0	5510.0	(10, 40)
557	0.9803333333333332	6.0	True	30000.0	True	2.0	300.0	500.0	5510.0	(70, 40)
502	0.9803333333333332	6.0	True	30000.0	True	2.0	300.0	500.0	5510.0	(10, 90)
565	0.98025	6.0	True	30000.0	True	2.0	300.0	500.0	5510.0	(80, 20)
551	0.98025	6.0	True	30000.0	True	2.0	300.0	500.0	5510.0	(60, 80)
519	0.9801666666666666	6.0	True	30000.0	True	2.0	300.0	500.0	5510.0	(30, 60)
491	0.9801666666666666	9.0	True	30000.0	True	2.0	300.0	500.0	8019.0	(40, 40)
587	0.9801666666666666	6.0	True	30000.0	True	2.0	300.0	500.0	5510.0	(100, 40)
480	0.9800833333333332	5.0	True	30000.0	True	3.0	300.0	500.0	18710.0	(40, 40)
459	0.9800833333333332	6.0	True	30000.0	True	2.0	400.0	100.0	5510.0	(40, 40)
550	0.9800833333333332	6.0	True	30000.0	True	2.0	300.0	500.0	5510.0	(60, 70)
593	0.9800833333333332	6.0	True	30000.0	True	2.0	300.0	500.0	5510.0	(100, 100)
597	0.98	6.0	True	30000.0	True	2.0	300.0	500.0	5510.0	(40,)
589	0.98	6.0	True	30000.0	True	2.0	300.0	500.0	5510.0	(100, 60)
479	0.98	5.0	True	30000.0	True	2.0	300.0	500.0	4494.0	(40, 40)
521	0.98	6.0	True	30000.0	True	2.0	300.0	500.0	5510.0	(30, 80)
505	0.9799166666666668	6.0	True	30000.0	True	2.0	300.0	500.0	5510.0	(20, 20)
443	0.9799166666666668	6.0	True	30000.0	True	2.0	200.0	100.0	5510.0	(40, 40)
445	0.9798333333333332	6.0	True	30000.0	True	2.0	200.0	500.0	5510.0	(40, 40)
514	0.9798333333333332	6.0	True	30000.0	True	2.0	300.0	500.0	5510.0	(30, 10)
481	0.97975	6.0	True	30000.0	True	1.0	300.0	500.0	481.0	(40, 40)
618	0.9796666666666668	6.0	True	30000.0	True	2.0	300.0	500.0	5510.0	(10, 30, 10)
499	0.9796666666666668	6.0	True	30000.0	True	2.0	300.0	500.0	5510.0	(10, 60)
549	0.9795833333333334	6.0	True	30000.0	True	2.0	300.0	500.0	5510.0	(60, 60)
429	0.9795	6.0	True	30000.0	False	2.0	900.0	3000.0	5029.0	(40, 40)
611	0.9795	6.0	True	30000.0	True	2.0	300.0	500.0	5510.0	(180,)
501	0.9795	6.0	True	30000.0	True	2.0	300.0	500.0	5510.0	(10, 80)
495	0.9793333333333332	6.0	True	30000.0	True	2.0	300.0	500.0	5510.0	(10, 20)
601	0.97925	6.0	True	30000.0	True	2.0	300.0	500.0	5510.0	(80,)
420	0.97925	6.0	True	30000.0	False	2.0	600.0	3000.0	5029.0	(40, 40)
578	0.9791666666666666	6.0	True	30000.0	True	2.0	300.0	500.0	5510.0	(90, 50)
552	0.9791666666666666	6.0	True	30000.0	True	2.0	300.0	500.0	5510.0	(60, 90)
594	0.9791666666666666	6.0	True	30000.0	True	2.0	300.0	500.0	5510.0	(10,)
590	0.9790833333333332	6.0	True	30000.0	True	2.0	300.0	500.0	5510.0	(100, 70)
591	0.9790833333333332	6.0	True	30000.0	True	2.0	300.0	500.0	5510.0	(100, 80)
467	0.9790000000000001	6.0	True	30000.0	True	2.0	500.0	100.0	5510.0	(40, 40)
435	0.9790000000000001	6.0	True	30000.0	True	2.0	100.0	100.0	5510.0	(40, 40)
544	0.979	6.0	True	30000.0	True	2.0	300.0	500.0	5510.0	(60, 10)
496	0.979	6.0	True	30000.0	True	2.0	300.0	500.0	5510.0	(10, 30)
498	0.9788333333333332	6.0	True	30000.0	True	2.0	300.0	500.0	5510.0	(10, 50)
573	0.9788333333333332	6.0	True	30000.0	True	2.0	300.0	500.0	5510.0	(80, 100)
599	0.97875	6.0	True	30000.0	True	2.0	300.0	500.0	5510.0	(60,)
518	0.97875	6.0	True	30000.0	True	2.0	300.0	500.0	5510.0	(30, 50)
466	0.9786666666666668	6.0	True	30000.0	True	2.0	500.0	50.0	5510.0	(40, 40)
585	0.9786666666666668	6.0	True	30000.0	True	2.0	300.0	500.0	5510.0	(100, 20)
535	0.9786666666666668	6.0	True	30000.0	True	2.0	300.0	500.0	5510.0	(50, 20)
583	0.9786666666666668	6.0	True	30000.0	True	2.0	300.0	500.0	5510.0	(90, 100)
444	0.9786666666666668	6.0	True	30000.0	True	2.0	200.0	200.0	5510.0	(40, 40)
452	0.9785833333333334	6.0	True	30000.0	True	2.0	300.0	200.0	5510.0	(40, 40)
554	0.9785	6.0	True	30000.0	True	2.0	300.0	500.0	5510.0	(70, 10)
616	0.9785	6.0	True	30000.0	True	2.0	300.0	500.0	5510.0	(10, 20, 10)
580	0.9785	6.0	True	30000.0	True	2.0	300.0	500.0	5510.0	(90, 70)
457	0.9785	6.0	True	30000.0	True	2.0	400.0	25.0	5510.0	(40, 40)
465	0.9783333333333334	6.0	True	30000.0	True	2.0	500.0	25.0	5510.0	(40, 40)
503	0.9783333333333334	6.0	True	30000.0	True	2.0	300.0	500.0	5510.0	(10, 100)
539	0.9783333333333334	6.0	True	30000.0	True	2.0	300.0	500.0	5510.0	(50, 60)
461	0.9783333333333334	6.0	True	30000.0	True	2.0	400.0	500.0	5510.0	(40, 40)
454	0.97825	6.0	True	30000.0	True	2.0	300.0	1000.0	5510.0	(40, 40)
576	0.9780833333333332	6.0	True	30000.0	True	2.0	300.0	500.0	5510.0	(90, 30)
423	0.978	6.0	True	30000.0	False	2.0	700.0	3000.0	5029.0	(40, 40)
603	0.978	6.0	True	30000.0	True	2.0	300.0	500.0	5510.0	(100,)
588	0.9778333333333332	6.0	True	30000.0	True	2.0	300.0	500.0	5510.0	(100, 50)
426	0.9776666666666668	6.0	True	30000.0	False	2.0	800.0	3000.0	5029.0	(40, 40)
556	0.9776666666666668	6.0	True	30000.0	True	2.0	300.0	500.0	5510.0	(70, 30)
507	0.9775833333333334	6.0	True	30000.0	True	2.0	300.0	500.0	5510.0	(20, 40)
598	0.9775	6.0	True	30000.0	True	2.0	300.0	500.0	5510.0	(50,)
455	0.9774166666666668	6.0	True	30000.0	True	2.0	300.0	2000.0	5510.0	(40, 40)
572	0.9774166666666668	6.0	True	30000.0	True	2.0	300.0	500.0	5510.0	(80, 90)
584	0.9773333333333334	6.0	True	30000.0	True	2.0	300.0	500.0	5510.0	(100, 10)
450	0.977	6.0	True	30000.0	True	2.0	300.0	50.0	5510.0	(40, 40)
449	0.9769166666666668	6.0	True	30000.0	True	2.0	300.0	25.0	5510.0	(40, 40)
436	0.9769166666666668	6.0	True	30000.0	True	2.0	100.0	200.0	5510.0	(40, 40)
620	0.9768333333333332	6.0	True	30000.0	True	2.0	300.0	500.0	5510.0	(20, 10, 10)
617	0.9766666666666668	6.0	True	30000.0	True	2.0	300.0	500.0	5510.0	(10, 20, 20)
506	0.9766666666666668	6.0	True	30000.0	True	2.0	300.0	500.0	5510.0	(20, 30)
458	0.9765833333333334	6.0	True	30000.0	True	2.0	400.0	50.0	5510.0	(40, 40)
484	0.976	7.0	True	30000.0	True	1.0	300.0	500.0	548.0	(40, 40)
446	0.9753333333333334	6.0	True	30000.0	True	2.0	200.0	1000.0	5510.0	(40, 40)
424	0.97525	6.0	True	30000.0	False	2.0	700.0	5000.0	5029.0	(40, 40)
487	0.97525	8.0	True	30000.0	True	1.0	300.0	500.0	601.0	(40, 40)
431	0.9751666666666666	6.0	True	30000.0	False	2.0	900.0	10000.0	5029.0	(40, 40)
418	0.975	6.0	True	30000.0	False	2.0	500.0	5000.0	5029.0	(40, 40)
442	0.9749166666666668	6.0	True	30000.0	True	2.0	200.0	50.0	5510.0	(40, 40)
430	0.9745	6.0	True	30000.0	False	2.0	900.0	5000.0	5029.0	(40, 40)
427	0.9745	6.0	True	30000.0	False	2.0	800.0	5000.0	5029.0	(40, 40)
434	0.9741666666666666	6.0	True	30000.0	True	2.0	100.0	50.0	5510.0	(40, 40)
441	0.9738333333333332	6.0	True	30000.0	True	2.0	200.0	25.0	5510.0	(40, 40)
428	0.9738333333333332	6.0	True	30000.0	False	2.0	800.0	10000.0	5029.0	(40, 40)
325	0.9734166666666668	6.0	True	30000.0	False	1.0	90.0	100.0	481.0	(100, 40)
433	0.9733333333333334	6.0	True	30000.0	True	2.0	100.0	25.0	5510.0	(40, 40)
478	0.97325	5.0	True	30000.0	True	1.0	300.0	500.0	408.0	(40, 40)
421	0.9731666666666666	6.0	True	30000.0	False	2.0	600.0	5000.0	5029.0	(40, 40)
425	0.973	6.0	True	30000.0	False	2.0	700.0	10000.0	5029.0	(40, 40)
330	0.973	6.0	True	30000.0	False	1.0	100.0	50.0	481.0	(100, 40)
477	0.9728333333333332	4.0	True	30000.0	True	3.0	300.0	500.0	12725.0	(40, 40)
331	0.9728333333333332	6.0	True	30000.0	False	1.0	100.0	100.0	481.0	(100, 40)
417	0.97275	6.0	True	30000.0	False	2.0	500.0	3000.0	5029.0	(40, 40)
490	0.97275	9.0	True	30000.0	True	1.0	300.0	500.0	661.0	(40, 40)
318	0.97275	6.0	True	30000.0	False	1.0	80.0	50.0	481.0	(100, 40)
265	0.9725833333333334	6.0	True	30000.0	False	1.0	100.0	100.0	481.0	(40, 40)
464	0.9723333333333334	6.0	True	30000.0	True	2.0	500.0	10.0	5510.0	(40, 40)
405	0.9720833333333332	6.0	True	30000.0	False	2.0	100.0	3000.0	5029.0	(40, 40)
447	0.972	6.0	True	30000.0	True	2.0	200.0	2000.0	5510.0	(40, 40)
412	0.972	6.0	True	30000.0	False	2.0	300.0	5000.0	5029.0	(40, 40)
406	0.972	6.0	True	30000.0	False	2.0	100.0	5000.0	5029.0	(40, 40)
439	0.9718333333333332	6.0	True	30000.0	True	2.0	100.0	2000.0	5510.0	(40, 40)
476	0.9718333333333332	4.0	True	30000.0	True	2.0	300.0	500.0	3408.0	(40, 40)
324	0.9714166666666668	6.0	True	30000.0	False	1.0	90.0	50.0	481.0	(100, 40)
440	0.9705833333333334	6.0	True	30000.0	True	2.0	200.0	10.0	5510.0	(40, 40)
312	0.9705833333333334	6.0	True	30000.0	False	1.0	70.0	50.0	481.0	(100, 40)
415	0.9704166666666668	6.0	True	30000.0	False	2.0	400.0	5000.0	5029.0	(40, 40)
411	0.9703333333333334	6.0	True	30000.0	False	2.0	300.0	3000.0	5029.0	(40, 40)
456	0.97025	6.0	True	30000.0	True	2.0	400.0	10.0	5510.0	(40, 40)
448	0.9701666666666666	6.0	True	30000.0	True	2.0	300.0	10.0	5510.0	(40, 40)
414	0.9698333333333332	6.0	True	30000.0	False	2.0	400.0	3000.0	5029.0	(40, 40)
432	0.96975	6.0	True	30000.0	True	2.0	100.0	10.0	5510.0	(40, 40)
437	0.9694166666666668	6.0	True	30000.0	True	2.0	100.0	500.0	5510.0	(40, 40)
326	0.9693333333333334	6.0	True	30000.0	False	1.0	90.0	200.0	481.0	(100, 40)
438	0.96925	6.0	True	30000.0	True	2.0	100.0	1000.0	5510.0	(40, 40)
413	0.9691666666666666	6.0	True	30000.0	False	2.0	300.0	10000.0	5029.0	(40, 40)
409	0.9690833333333332	6.0	True	30000.0	False	2.0	200.0	5000.0	5029.0	(40, 40)
402	0.9688333333333332	6.0	True	30000.0	False	2.0	50.0	3000.0	5029.0	(40, 40)
419	0.9686666666666668	6.0	True	30000.0	False	2.0	500.0	10000.0	5029.0	(40, 40)
408	0.9676666666666668	6.0	True	30000.0	False	2.0	200.0	3000.0	5029.0	(40, 40)
422	0.9675833333333334	6.0	True	30000.0	False	2.0	600.0	10000.0	5029.0	(40, 40)
332	0.96725	6.0	True	30000.0	False	1.0	100.0	200.0	481.0	(100, 40)
407	0.9670000000000001	6.0	True	30000.0	False	2.0	100.0	10000.0	5029.0	(40, 40)
410	0.9666666666666668	6.0	True	30000.0	False	2.0	200.0	10000.0	5029.0	(40, 40)
319	0.9666666666666668	6.0	True	30000.0	False	1.0	80.0	100.0	481.0	(100, 40)
252	0.96625	6.0	True	30000.0	False	1.0	80.0	50.0	481.0	(40, 40)
475	0.966	4.0	True	30000.0	True	1.0	300.0	500.0	331.0	(40, 40)
45	0.966	6.0	True	10000.0	False	2.0	60.0	500.0	3604.0	(40, 40)
39	0.966	6.0	True	10000.0	False	2.0	50.0	500.0	3604.0	(40, 40)
306	0.9659166666666666	6.0	True	30000.0	False	1.0	60.0	50.0	481.0	(100, 40)
258	0.9659166666666666	6.0	True	30000.0	False	1.0	90.0	50.0	481.0	(40, 40)
300	0.9654166666666668	6.0	True	30000.0	False	1.0	50.0	50.0	481.0	(100, 40)
416	0.96525	6.0	True	30000.0	False	2.0	400.0	10000.0	5029.0	(40, 40)
307	0.9649166666666666	6.0	True	30000.0	False	1.0	60.0	100.0	481.0	(100, 40)
313	0.96475	6.0	True	30000.0	False	1.0	70.0	100.0	481.0	(100, 40)
246	0.9646666666666668	6.0	True	30000.0	False	1.0	70.0	50.0	481.0	(40, 40)
264	0.9645	6.0	True	30000.0	False	1.0	100.0	50.0	481.0	(40, 40)
253	0.9643333333333334	6.0	True	30000.0	False	1.0	80.0	100.0	481.0	(40, 40)
403	0.9638333333333332	6.0	True	30000.0	False	2.0	50.0	5000.0	5029.0	(40, 40)
60	0.9635	6.0	True	10000.0	False	2.0	90.0	50.0	3604.0	(40, 40)
62	0.9635	6.0	True	10000.0	False	2.0	90.0	200.0	3604.0	(40, 40)
259	0.9633333333333334	6.0	True	30000.0	False	1.0	90.0	100.0	481.0	(40, 40)
59	0.963	6.0	True	10000.0	False	2.0	80.0	2000.0	3604.0	(40, 40)
266	0.9626666666666668	6.0	True	30000.0	False	1.0	100.0	200.0	481.0	(40, 40)
46	0.9625	6.0	True	10000.0	False	2.0	60.0	1000.0	3604.0	(40, 40)
234	0.9623333333333334	6.0	True	30000.0	False	1.0	50.0	50.0	481.0	(40, 40)
65	0.9620000000000001	6.0	True	10000.0	False	2.0	90.0	2000.0	3604.0	(40, 40)
58	0.9615	6.0	True	10000.0	False	2.0	80.0	1000.0	3604.0	(40, 40)
247	0.9608333333333332	6.0	True	30000.0	False	1.0	70.0	100.0	481.0	(40, 40)
241	0.96075	6.0	True	30000.0	False	1.0	60.0	100.0	481.0	(40, 40)
61	0.9605	6.0	True	10000.0	False	2.0	90.0	100.0	3604.0	(40, 40)
40	0.9605	6.0	True	10000.0	False	2.0	50.0	1000.0	3604.0	(40, 40)
31	0.96	6.0	True	10000.0	False	2.0	40.0	100.0	3604.0	(40, 40)
34	0.96	6.0	True	10000.0	False	2.0	40.0	1000.0	3604.0	(40, 40)
69	0.95975	6.0	True	10000.0	False	2.0	100.0	500.0	3604.0	(40, 40)
404	0.9596666666666668	6.0	True	30000.0	False	2.0	50.0	10000.0	5029.0	(40, 40)
53	0.9595	6.0	True	10000.0	False	2.0	70.0	2000.0	3604.0	(40, 40)
44	0.9595	6.0	True	10000.0	False	2.0	60.0	200.0	3604.0	(40, 40)
19	0.9595	6.0	True	10000.0	False	2.0	20.0	100.0	3604.0	(40, 40)
294	0.95925	6.0	True	30000.0	False	1.0	40.0	50.0	481.0	(100, 40)
240	0.9591666666666666	6.0	True	30000.0	False	1.0	60.0	50.0	481.0	(40, 40)
66	0.959	6.0	True	10000.0	False	2.0	100.0	50.0	3604.0	(40, 40)
301	0.95875	6.0	True	30000.0	False	1.0	50.0	100.0	481.0	(100, 40)
41	0.9585	6.0	True	10000.0	False	2.0	50.0	2000.0	3604.0	(40, 40)
71	0.9585	6.0	True	10000.0	False	2.0	100.0	2000.0	3604.0	(40, 40)
13	0.958	6.0	True	10000.0	False	2.0	10.0	100.0	3604.0	(40, 40)
57	0.958	6.0	True	10000.0	False	2.0	80.0	500.0	3604.0	(40, 40)
64	0.95775	6.0	True	10000.0	False	2.0	90.0	1000.0	3604.0	(40, 40)
68	0.95775	6.0	True	10000.0	False	2.0	100.0	200.0	3604.0	(40, 40)
51	0.9575	6.0	True	10000.0	False	2.0	70.0	500.0	3604.0	(40, 40)
25	0.9575	6.0	True	10000.0	False	2.0	30.0	100.0	3604.0	(40, 40)
228	0.9574166666666668	6.0	True	30000.0	False	1.0	40.0	50.0	481.0	(40, 40)
18	0.95725	6.0	True	10000.0	False	2.0	20.0	50.0	3604.0	(40, 40)
248	0.9570833333333332	6.0	True	30000.0	False	1.0	70.0	200.0	481.0	(40, 40)
26	0.957	6.0	True	10000.0	False	2.0	30.0	200.0	3604.0	(40, 40)
320	0.9568333333333332	6.0	True	30000.0	False	1.0	80.0	200.0	481.0	(100, 40)
55	0.95675	6.0	True	10000.0	False	2.0	80.0	100.0	3604.0	(40, 40)
63	0.9565	6.0	True	10000.0	False	2.0	90.0	500.0	3604.0	(40, 40)
38	0.95625	6.0	True	10000.0	False	2.0	50.0	200.0	3604.0	(40, 40)
35	0.95625	6.0	True	10000.0	False	2.0	40.0	2000.0	3604.0	(40, 40)
260	0.9561666666666668	6.0	True	30000.0	False	1.0	90.0	200.0	481.0	(40, 40)
33	0.956	6.0	True	10000.0	False	2.0	40.0	500.0	3604.0	(40, 40)
50	0.956	6.0	True	10000.0	False	2.0	70.0	200.0	3604.0	(40, 40)
67	0.956	6.0	True	10000.0	False	2.0	100.0	100.0	3604.0	(40, 40)
49	0.9555	6.0	True	10000.0	False	2.0	70.0	100.0	3604.0	(40, 40)
288	0.955	6.0	True	30000.0	False	1.0	30.0	50.0	481.0	(100, 40)
235	0.955	6.0	True	30000.0	False	1.0	50.0	100.0	481.0	(40, 40)
20	0.955	6.0	True	10000.0	False	2.0	20.0	200.0	3604.0	(40, 40)
30	0.95475	6.0	True	10000.0	False	2.0	40.0	50.0	3604.0	(40, 40)
42	0.95475	6.0	True	10000.0	False	2.0	60.0	50.0	3604.0	(40, 40)
21	0.9545	6.0	True	10000.0	False	2.0	20.0	500.0	3604.0	(40, 40)
32	0.9545	6.0	True	10000.0	False	2.0	40.0	200.0	3604.0	(40, 40)
254	0.9544166666666668	6.0	True	30000.0	False	1.0	80.0	200.0	481.0	(40, 40)
48	0.95375	6.0	True	10000.0	False	2.0	70.0	50.0	3604.0	(40, 40)
28	0.9535	6.0	True	10000.0	False	2.0	30.0	1000.0	3604.0	(40, 40)
70	0.9535	6.0	True	10000.0	False	2.0	100.0	1000.0	3604.0	(40, 40)
56	0.95325	6.0	True	10000.0	False	2.0	80.0	200.0	3604.0	(40, 40)
22	0.953	6.0	True	10000.0	False	2.0	20.0	1000.0	3604.0	(40, 40)
27	0.953	6.0	True	10000.0	False	2.0	30.0	500.0	3604.0	(40, 40)
333	0.9521666666666668	6.0	True	30000.0	False	1.0	100.0	500.0	481.0	(100, 40)
37	0.9520000000000001	6.0	True	10000.0	False	2.0	50.0	100.0	3604.0	(40, 40)
54	0.95175	6.0	True	10000.0	False	2.0	80.0	50.0	3604.0	(40, 40)
24	0.9515	6.0	True	10000.0	False	2.0	30.0	50.0	3604.0	(40, 40)
314	0.9510833333333332	6.0	True	30000.0	False	1.0	70.0	200.0	481.0	(100, 40)
14	0.951	6.0	True	10000.0	False	2.0	10.0	200.0	3604.0	(40, 40)
47	0.95075	6.0	True	10000.0	False	2.0	60.0	2000.0	3604.0	(40, 40)
295	0.9501666666666668	6.0	True	30000.0	False	1.0	40.0	100.0	481.0	(100, 40)
15	0.9495	6.0	True	10000.0	False	2.0	10.0	500.0	3604.0	(40, 40)
52	0.949	6.0	True	10000.0	False	2.0	70.0	1000.0	3604.0	(40, 40)
43	0.948	6.0	True	10000.0	False	2.0	60.0	100.0	3604.0	(40, 40)
242	0.9475833333333332	6.0	True	30000.0	False	1.0	60.0	200.0	481.0	(40, 40)
222	0.9469166666666666	6.0	True	30000.0	False	1.0	30.0	50.0	481.0	(40, 40)
198	0.94575	6.0	True	10000.0	False	1.0	100.0	50.0	396.0	(40, 40)
6	0.9455	6.0	True	10000.0	False	2.0	5.0	50.0	3604.0	(40, 40)
29	0.945	6.0	True	10000.0	False	2.0	30.0	2000.0	3604.0	(40, 40)
12	0.944	6.0	True	10000.0	False	2.0	10.0	50.0	3604.0	(40, 40)
308	0.9438333333333332	6.0	True	30000.0	False	1.0	60.0	200.0	481.0	(100, 40)
267	0.9435	6.0	True	30000.0	False	1.0	100.0	500.0	481.0	(40, 40)
126	0.9425	6.0	True	10000.0	False	1.0	90.0	50.0	396.0	(40, 40)
36	0.94175	6.0	True	10000.0	False	2.0	50.0	50.0	3604.0	(40, 40)
186	0.94025	6.0	True	10000.0	False	1.0	80.0	50.0	396.0	(40, 40)
8	0.93975	6.0	True	10000.0	False	2.0	5.0	200.0	3604.0	(40, 40)
7	0.9395	6.0	True	10000.0	False	2.0	5.0	100.0	3604.0	(40, 40)
192	0.93925	6.0	True	10000.0	False	1.0	90.0	50.0	396.0	(40, 40)
23	0.9375	6.0	True	10000.0	False	2.0	20.0	2000.0	3604.0	(40, 40)
474	0.936	3.0	True	30000.0	True	3.0	300.0	500.0	7141.0	(40, 40)
472	0.9358333333333332	3.0	True	30000.0	True	1.0	300.0	500.0	250.0	(40, 40)
229	0.935	6.0	True	30000.0	False	1.0	40.0	100.0	481.0	(40, 40)
120	0.93325	6.0	True	10000.0	False	1.0	80.0	50.0	396.0	(40, 40)
133	0.93275	6.0	True	10000.0	False	1.0	100.0	100.0	396.0	(40, 40)
327	0.9325	6.0	True	30000.0	False	1.0	90.0	500.0	481.0	(100, 40)
199	0.93225	6.0	True	10000.0	False	1.0	100.0	100.0	396.0	(40, 40)
132	0.931	6.0	True	10000.0	False	1.0	100.0	50.0	396.0	(40, 40)
180	0.931	6.0	True	10000.0	False	1.0	70.0	50.0	396.0	(40, 40)
473	0.9303333333333332	3.0	True	30000.0	True	2.0	300.0	500.0	2223.0	(40, 40)
302	0.9300833333333334	6.0	True	30000.0	False	1.0	50.0	200.0	481.0	(100, 40)
4	0.92675	6.0	True	10000.0	False	2.0	10.0	1000.0	3604.0	(40, 40)
268	0.926	6.0	True	30000.0	False	1.0	100.0	1000.0	481.0	(40, 40)
114	0.92575	6.0	True	10000.0	False	1.0	70.0	50.0	396.0	(40, 40)
261	0.9256666666666666	6.0	True	30000.0	False	1.0	90.0	500.0	481.0	(40, 40)
289	0.9249166666666668	6.0	True	30000.0	False	1.0	30.0	100.0	481.0	(100, 40)
16	0.92125	6.0	True	10000.0	False	2.0	10.0	1000.0	3604.0	(40, 40)
282	0.9161666666666668	6.0	True	30000.0	False	1.0	20.0	50.0	481.0	(100, 40)
296	0.9158333333333334	6.0	True	30000.0	False	1.0	40.0	200.0	481.0	(100, 40)
255	0.9149166666666668	6.0	True	30000.0	False	1.0	80.0	500.0	481.0	(40, 40)
9	0.914	6.0	True	10000.0	False	2.0	5.0	500.0	3604.0	(40, 40)
321	0.9133333333333332	6.0	True	30000.0	False	1.0	80.0	500.0	481.0	(100, 40)
174	0.91	6.0	True	10000.0	False	1.0	60.0	50.0	396.0	(40, 40)
108	0.9085	6.0	True	10000.0	False	1.0	60.0	50.0	396.0	(40, 40)
127	0.90775	6.0	True	10000.0	False	1.0	90.0	100.0	396.0	(40, 40)
193	0.90775	6.0	True	10000.0	False	1.0	90.0	100.0	396.0	(40, 40)
334	0.9044166666666666	6.0	True	30000.0	False	1.0	100.0	1000.0	481.0	(100, 40)
262	0.9041666666666668	6.0	True	30000.0	False	1.0	90.0	1000.0	481.0	(40, 40)
223	0.9038333333333334	6.0	True	30000.0	False	1.0	30.0	100.0	481.0	(40, 40)
236	0.9036666666666666	6.0	True	30000.0	False	1.0	50.0	200.0	481.0	(40, 40)
5	0.9009999999999999	6.0	True	10000.0	False	2.0	10.0	2000.0	3604.0	(40, 40)
203	0.90025	6.0	True	10000.0	False	1.0	100.0	2000.0	396.0	(40, 40)
168	0.89925	6.0	True	10000.0	False	1.0	50.0	50.0	396.0	(40, 40)
187	0.899	6.0	True	10000.0	False	1.0	80.0	100.0	396.0	(40, 40)
110	0.899	6.0	True	10000.0	False	1.0	60.0	200.0	396.0	(40, 40)
102	0.89875	6.0	True	10000.0	False	1.0	50.0	50.0	396.0	(40, 40)
224	0.898	6.0	True	30000.0	False	1.0	30.0	200.0	481.0	(40, 40)
328	0.8976666666666666	6.0	True	30000.0	False	1.0	90.0	1000.0	481.0	(100, 40)
290	0.8973333333333333	6.0	True	30000.0	False	1.0	30.0	200.0	481.0	(100, 40)
216	0.8968333333333334	6.0	True	30000.0	False	1.0	20.0	50.0	481.0	(40, 40)
315	0.89675	6.0	True	30000.0	False	1.0	70.0	500.0	481.0	(100, 40)
218	0.8965	6.0	True	30000.0	False	1.0	20.0	200.0	481.0	(40, 40)
130	0.8965	6.0	True	10000.0	False	1.0	90.0	1000.0	396.0	(40, 40)
238	0.8961666666666667	6.0	True	30000.0	False	1.0	50.0	1000.0	481.0	(40, 40)
135	0.8959999999999999	6.0	True	10000.0	False	1.0	100.0	500.0	396.0	(40, 40)
10	0.8959999999999999	6.0	True	10000.0	False	2.0	5.0	1000.0	3604.0	(40, 40)
322	0.8959999999999999	6.0	True	30000.0	False	1.0	80.0	1000.0	481.0	(100, 40)
17	0.8955	6.0	True	10000.0	False	2.0	10.0	2000.0	3604.0	(40, 40)
243	0.8953333333333333	6.0	True	30000.0	False	1.0	60.0	500.0	481.0	(40, 40)
310	0.89525	6.0	True	30000.0	False	1.0	60.0	1000.0	481.0	(100, 40)
111	0.895	6.0	True	10000.0	False	1.0	60.0	500.0	396.0	(40, 40)
134	0.895	6.0	True	10000.0	False	1.0	100.0	200.0	396.0	(40, 40)
170	0.8945	6.0	True	10000.0	False	1.0	50.0	200.0	396.0	(40, 40)
230	0.8944166666666666	6.0	True	30000.0	False	1.0	40.0	200.0	481.0	(40, 40)
249	0.89425	6.0	True	30000.0	False	1.0	70.0	500.0	481.0	(40, 40)
335	0.8941666666666667	6.0	True	30000.0	False	1.0	100.0	2000.0	481.0	(100, 40)
283	0.894	6.0	True	30000.0	False	1.0	20.0	100.0	481.0	(100, 40)
98	0.894	6.0	True	10000.0	False	1.0	40.0	200.0	396.0	(40, 40)
257	0.8939166666666667	6.0	True	30000.0	False	1.0	80.0	2000.0	481.0	(40, 40)
316	0.8939166666666667	6.0	True	30000.0	False	1.0	70.0	1000.0	481.0	(100, 40)
204	0.8936666666666667	6.0	True	30000.0	False	1.0	5.0	50.0	481.0	(40, 40)
210	0.8936666666666667	6.0	True	30000.0	False	1.0	10.0	50.0	481.0	(40, 40)
164	0.8935	6.0	True	10000.0	False	1.0	40.0	200.0	396.0	(40, 40)
237	0.8933333333333333	6.0	True	30000.0	False	1.0	50.0	500.0	481.0	(40, 40)
90	0.89325	6.0	True	10000.0	False	1.0	30.0	50.0	396.0	(40, 40)
191	0.89325	6.0	True	10000.0	False	1.0	80.0	2000.0	396.0	(40, 40)
194	0.89325	6.0	True	10000.0	False	1.0	90.0	200.0	396.0	(40, 40)
309	0.8930833333333333	6.0	True	30000.0	False	1.0	60.0	500.0	481.0	(100, 40)
251	0.8930833333333333	6.0	True	30000.0	False	1.0	70.0	2000.0	481.0	(40, 40)
291	0.8928333333333334	6.0	True	30000.0	False	1.0	30.0	500.0	481.0	(100, 40)
323	0.8926666666666667	6.0	True	30000.0	False	1.0	80.0	2000.0	481.0	(100, 40)
156	0.8925	6.0	True	10000.0	False	1.0	30.0	50.0	396.0	(40, 40)
225	0.8923333333333333	6.0	True	30000.0	False	1.0	30.0	500.0	481.0	(40, 40)
175	0.89225	6.0	True	10000.0	False	1.0	60.0	100.0	396.0	(40, 40)
298	0.8921666666666667	6.0	True	30000.0	False	1.0	40.0	1000.0	481.0	(100, 40)
201	0.892	6.0	True	10000.0	False	1.0	100.0	500.0	396.0	(40, 40)
169	0.892	6.0	True	10000.0	False	1.0	50.0	100.0	396.0	(40, 40)
129	0.892	6.0	True	10000.0	False	1.0	90.0	500.0	396.0	(40, 40)
157	0.89175	6.0	True	10000.0	False	1.0	30.0	100.0	396.0	(40, 40)
163	0.89175	6.0	True	10000.0	False	1.0	40.0	100.0	396.0	(40, 40)
305	0.8915	6.0	True	30000.0	False	1.0	50.0	2000.0	481.0	(100, 40)
297	0.8915	6.0	True	30000.0	False	1.0	40.0	500.0	481.0	(100, 40)
219	0.8914166666666666	6.0	True	30000.0	False	1.0	20.0	500.0	481.0	(40, 40)
276	0.8913333333333333	6.0	True	30000.0	False	1.0	10.0	50.0	481.0	(100, 40)
263	0.89125	6.0	True	30000.0	False	1.0	90.0	2000.0	481.0	(40, 40)
317	0.8911666666666667	6.0	True	30000.0	False	1.0	70.0	2000.0	481.0	(100, 40)
205	0.8909999999999999	6.0	True	30000.0	False	1.0	5.0	100.0	481.0	(40, 40)
171	0.8909999999999999	6.0	True	10000.0	False	1.0	50.0	500.0	396.0	(40, 40)
303	0.8909166666666667	6.0	True	30000.0	False	1.0	50.0	500.0	481.0	(100, 40)
181	0.89075	6.0	True	10000.0	False	1.0	70.0	100.0	396.0	(40, 40)
284	0.8905833333333333	6.0	True	30000.0	False	1.0	20.0	200.0	481.0	(100, 40)
124	0.8905	6.0	True	10000.0	False	1.0	80.0	1000.0	396.0	(40, 40)
231	0.8904166666666666	6.0	True	30000.0	False	1.0	40.0	500.0	481.0	(40, 40)
189	0.89	6.0	True	10000.0	False	1.0	80.0	500.0	396.0	(40, 40)
165	0.89	6.0	True	10000.0	False	1.0	40.0	500.0	396.0	(40, 40)
72	0.89	6.0	True	10000.0	False	1.0	5.0	50.0	396.0	(40, 40)
0	0.89	6.0	True	10000.0	False	2.0	5.0	1.0	3604.0	(40, 40)
269	0.8898333333333334	6.0	True	30000.0	False	1.0	100.0	2000.0	481.0	(40, 40)
226	0.88975	6.0	True	30000.0	False	1.0	30.0	1000.0	481.0	(40, 40)
286	0.8895833333333333	6.0	True	30000.0	False	1.0	20.0	1000.0	481.0	(100, 40)
287	0.8895833333333333	6.0	True	30000.0	False	1.0	20.0	2000.0	481.0	(100, 40)
11	0.8895	6.0	True	10000.0	False	2.0	5.0	2000.0	3604.0	(40, 40)
220	0.8893333333333333	6.0	True	30000.0	False	1.0	20.0	1000.0	481.0	(40, 40)
125	0.88925	6.0	True	10000.0	False	1.0	80.0	2000.0	396.0	(40, 40)
96	0.88925	6.0	True	10000.0	False	1.0	40.0	50.0	396.0	(40, 40)
109	0.88925	6.0	True	10000.0	False	1.0	60.0	100.0	396.0	(40, 40)
1	0.889	6.0	True	10000.0	False	2.0	5.0	2.0	3604.0	(40, 40)
292	0.889	6.0	True	30000.0	False	1.0	30.0	1000.0	481.0	(100, 40)
250	0.889	6.0	True	30000.0	False	1.0	70.0	1000.0	481.0	(40, 40)
115	0.889	6.0	True	10000.0	False	1.0	70.0	100.0	396.0	(40, 40)
103	0.889	6.0	True	10000.0	False	1.0	50.0	100.0	396.0	(40, 40)
271	0.8889166666666667	6.0	True	30000.0	False	1.0	5.0	100.0	481.0	(100, 40)
2	0.88875	6.0	True	10000.0	False	2.0	5.0	1000.0	3604.0	(40, 40)
245	0.8883333333333333	6.0	True	30000.0	False	1.0	60.0	2000.0	481.0	(40, 40)
123	0.88825	6.0	True	10000.0	False	1.0	80.0	500.0	396.0	(40, 40)
329	0.88825	6.0	True	30000.0	False	1.0	90.0	2000.0	481.0	(100, 40)
136	0.88825	6.0	True	10000.0	False	1.0	100.0	1000.0	396.0	(40, 40)
121	0.88825	6.0	True	10000.0	False	1.0	80.0	100.0	396.0	(40, 40)
233	0.8880833333333333	6.0	True	30000.0	False	1.0	40.0	2000.0	481.0	(40, 40)
304	0.8879166666666667	6.0	True	30000.0	False	1.0	50.0	1000.0	481.0	(100, 40)
232	0.8878333333333334	6.0	True	30000.0	False	1.0	40.0	1000.0	481.0	(40, 40)
227	0.8878333333333334	6.0	True	30000.0	False	1.0	30.0	2000.0	481.0	(40, 40)
212	0.8878333333333334	6.0	True	30000.0	False	1.0	10.0	200.0	481.0	(40, 40)
211	0.88775	6.0	True	30000.0	False	1.0	10.0	100.0	481.0	(40, 40)
214	0.8876666666666667	6.0	True	30000.0	False	1.0	10.0	1000.0	481.0	(40, 40)
221	0.8875833333333333	6.0	True	30000.0	False	1.0	20.0	2000.0	481.0	(40, 40)
256	0.8873333333333333	6.0	True	30000.0	False	1.0	80.0	1000.0	481.0	(40, 40)
99	0.88725	6.0	True	10000.0	False	1.0	40.0	500.0	396.0	(40, 40)
293	0.88725	6.0	True	30000.0	False	1.0	30.0	2000.0	481.0	(100, 40)
279	0.887	6.0	True	30000.0	False	1.0	10.0	500.0	481.0	(100, 40)
272	0.8868333333333334	6.0	True	30000.0	False	1.0	5.0	200.0	481.0	(100, 40)
97	0.88675	6.0	True	10000.0	False	1.0	40.0	100.0	396.0	(40, 40)
118	0.88675	6.0	True	10000.0	False	1.0	70.0	1000.0	396.0	(40, 40)
285	0.8865833333333333	6.0	True	30000.0	False	1.0	20.0	500.0	481.0	(100, 40)
93	0.8865	6.0	True	10000.0	False	1.0	30.0	500.0	396.0	(40, 40)
128	0.8865	6.0	True	10000.0	False	1.0	90.0	200.0	396.0	(40, 40)
299	0.8864166666666666	6.0	True	30000.0	False	1.0	40.0	2000.0	481.0	(100, 40)
217	0.8864166666666666	6.0	True	30000.0	False	1.0	20.0	100.0	481.0	(40, 40)
182	0.88625	6.0	True	10000.0	False	1.0	70.0	200.0	396.0	(40, 40)
105	0.8859999999999999	6.0	True	10000.0	False	1.0	50.0	500.0	396.0	(40, 40)
179	0.8859999999999999	6.0	True	10000.0	False	1.0	60.0	2000.0	396.0	(40, 40)
117	0.8855	6.0	True	10000.0	False	1.0	70.0	500.0	396.0	(40, 40)
159	0.8855	6.0	True	10000.0	False	1.0	30.0	500.0	396.0	(40, 40)
184	0.88525	6.0	True	10000.0	False	1.0	70.0	1000.0	396.0	(40, 40)
195	0.885	6.0	True	10000.0	False	1.0	90.0	500.0	396.0	(40, 40)
162	0.885	6.0	True	10000.0	False	1.0	40.0	50.0	396.0	(40, 40)
202	0.885	6.0	True	10000.0	False	1.0	100.0	1000.0	396.0	(40, 40)
311	0.8849166666666667	6.0	True	30000.0	False	1.0	60.0	2000.0	481.0	(100, 40)
244	0.8846666666666667	6.0	True	30000.0	False	1.0	60.0	1000.0	481.0	(40, 40)
91	0.8845	6.0	True	10000.0	False	1.0	30.0	100.0	396.0	(40, 40)
177	0.88425	6.0	True	10000.0	False	1.0	60.0	500.0	396.0	(40, 40)
158	0.88425	6.0	True	10000.0	False	1.0	30.0	200.0	396.0	(40, 40)
84	0.884	6.0	True	10000.0	False	1.0	20.0	50.0	396.0	(40, 40)
116	0.88375	6.0	True	10000.0	False	1.0	70.0	200.0	396.0	(40, 40)
78	0.88375	6.0	True	10000.0	False	1.0	10.0	50.0	396.0	(40, 40)
278	0.8835	6.0	True	30000.0	False	1.0	10.0	200.0	481.0	(100, 40)
277	0.8834166666666666	6.0	True	30000.0	False	1.0	10.0	100.0	481.0	(100, 40)
270	0.8833333333333333	6.0	True	30000.0	False	1.0	5.0	50.0	481.0	(100, 40)
196	0.88325	6.0	True	10000.0	False	1.0	90.0	1000.0	396.0	(40, 40)
144	0.883	6.0	True	10000.0	False	1.0	10.0	50.0	396.0	(40, 40)
239	0.8828333333333334	6.0	True	30000.0	False	1.0	50.0	2000.0	481.0	(40, 40)
3	0.8825	6.0	True	10000.0	False	2.0	5.0	2000.0	3604.0	(40, 40)
131	0.88225	6.0	True	10000.0	False	1.0	90.0	2000.0	396.0	(40, 40)
151	0.88225	6.0	True	10000.0	False	1.0	20.0	100.0	396.0	(40, 40)
106	0.882	6.0	True	10000.0	False	1.0	50.0	1000.0	396.0	(40, 40)
200	0.882	6.0	True	10000.0	False	1.0	100.0	200.0	396.0	(40, 40)
92	0.882	6.0	True	10000.0	False	1.0	30.0	200.0	396.0	(40, 40)
85	0.88175	6.0	True	10000.0	False	1.0	20.0	100.0	396.0	(40, 40)
150	0.88175	6.0	True	10000.0	False	1.0	20.0	50.0	396.0	(40, 40)
166	0.88175	6.0	True	10000.0	False	1.0	40.0	1000.0	396.0	(40, 40)
213	0.8813333333333333	6.0	True	30000.0	False	1.0	10.0	500.0	481.0	(40, 40)
100	0.8809999999999999	6.0	True	10000.0	False	1.0	40.0	1000.0	396.0	(40, 40)
280	0.8808333333333334	6.0	True	30000.0	False	1.0	10.0	1000.0	481.0	(100, 40)
190	0.88075	6.0	True	10000.0	False	1.0	80.0	1000.0	396.0	(40, 40)
79	0.88025	6.0	True	10000.0	False	1.0	10.0	100.0	396.0	(40, 40)
206	0.8800833333333333	6.0	True	30000.0	False	1.0	5.0	200.0	481.0	(40, 40)
188	0.87925	6.0	True	10000.0	False	1.0	80.0	200.0	396.0	(40, 40)
73	0.87825	6.0	True	10000.0	False	1.0	5.0	100.0	396.0	(40, 40)
176	0.878	6.0	True	10000.0	False	1.0	60.0	200.0	396.0	(40, 40)
197	0.87775	6.0	True	10000.0	False	1.0	90.0	2000.0	396.0	(40, 40)
104	0.8775	6.0	True	10000.0	False	1.0	50.0	200.0	396.0	(40, 40)
178	0.8765	6.0	True	10000.0	False	1.0	60.0	1000.0	396.0	(40, 40)
107	0.8765	6.0	True	10000.0	False	1.0	50.0	2000.0	396.0	(40, 40)
183	0.8765	6.0	True	10000.0	False	1.0	70.0	500.0	396.0	(40, 40)
167	0.87625	6.0	True	10000.0	False	1.0	40.0	2000.0	396.0	(40, 40)
122	0.8759999999999999	6.0	True	10000.0	False	1.0	80.0	200.0	396.0	(40, 40)
80	0.87575	6.0	True	10000.0	False	1.0	10.0	200.0	396.0	(40, 40)
185	0.87525	6.0	True	10000.0	False	1.0	70.0	2000.0	396.0	(40, 40)
138	0.87475	6.0	True	10000.0	False	1.0	5.0	50.0	396.0	(40, 40)
152	0.87475	6.0	True	10000.0	False	1.0	20.0	200.0	396.0	(40, 40)
137	0.8745	6.0	True	10000.0	False	1.0	100.0	2000.0	396.0	(40, 40)
273	0.8741666666666666	6.0	True	30000.0	False	1.0	5.0	500.0	481.0	(100, 40)
172	0.8735	6.0	True	10000.0	False	1.0	50.0	1000.0	396.0	(40, 40)
153	0.87275	6.0	True	10000.0	False	1.0	20.0	500.0	396.0	(40, 40)
112	0.87225	6.0	True	10000.0	False	1.0	60.0	1000.0	396.0	(40, 40)
207	0.8720833333333333	6.0	True	30000.0	False	1.0	5.0	500.0	481.0	(40, 40)
160	0.87125	6.0	True	10000.0	False	1.0	30.0	1000.0	396.0	(40, 40)
113	0.87125	6.0	True	10000.0	False	1.0	60.0	2000.0	396.0	(40, 40)
94	0.87125	6.0	True	10000.0	False	1.0	30.0	1000.0	396.0	(40, 40)
88	0.871	6.0	True	10000.0	False	1.0	20.0	1000.0	396.0	(40, 40)
281	0.8708333333333333	6.0	True	30000.0	False	1.0	10.0	2000.0	481.0	(100, 40)
173	0.86875	6.0	True	10000.0	False	1.0	50.0	2000.0	396.0	(40, 40)
87	0.86775	6.0	True	10000.0	False	1.0	20.0	500.0	396.0	(40, 40)
139	0.867	6.0	True	10000.0	False	1.0	5.0	100.0	396.0	(40, 40)
145	0.8665	6.0	True	10000.0	False	1.0	10.0	100.0	396.0	(40, 40)
146	0.86625	6.0	True	10000.0	False	1.0	10.0	200.0	396.0	(40, 40)
119	0.86575	6.0	True	10000.0	False	1.0	70.0	2000.0	396.0	(40, 40)
274	0.8644166666666667	6.0	True	30000.0	False	1.0	5.0	1000.0	481.0	(100, 40)
86	0.8640000000000001	6.0	True	10000.0	False	1.0	20.0	200.0	396.0	(40, 40)
154	0.8635	6.0	True	10000.0	False	1.0	20.0	1000.0	396.0	(40, 40)
161	0.85925	6.0	True	10000.0	False	1.0	30.0	2000.0	396.0	(40, 40)
147	0.8590000000000001	6.0	True	10000.0	False	1.0	10.0	500.0	396.0	(40, 40)
101	0.8565	6.0	True	10000.0	False	1.0	40.0	2000.0	396.0	(40, 40)
95	0.85625	6.0	True	10000.0	False	1.0	30.0	2000.0	396.0	(40, 40)
74	0.85625	6.0	True	10000.0	False	1.0	5.0	200.0	396.0	(40, 40)
208	0.8520833333333333	6.0	True	30000.0	False	1.0	5.0	1000.0	481.0	(40, 40)
81	0.8485	6.0	True	10000.0	False	1.0	10.0	500.0	396.0	(40, 40)
215	0.8463333333333334	6.0	True	30000.0	False	1.0	10.0	2000.0	481.0	(40, 40)
140	0.846	6.0	True	10000.0	False	1.0	5.0	200.0	396.0	(40, 40)
155	0.8405	6.0	True	10000.0	False	1.0	20.0	2000.0	396.0	(40, 40)
275	0.8375833333333333	6.0	True	30000.0	False	1.0	5.0	2000.0	481.0	(100, 40)
82	0.82825	6.0	True	10000.0	False	1.0	10.0	1000.0	396.0	(40, 40)
141	0.82475	6.0	True	10000.0	False	1.0	5.0	500.0	396.0	(40, 40)
75	0.823	6.0	True	10000.0	False	1.0	5.0	500.0	396.0	(40, 40)
148	0.82175	6.0	True	10000.0	False	1.0	10.0	1000.0	396.0	(40, 40)
77	0.82125	6.0	True	10000.0	False	1.0	5.0	2000.0	396.0	(40, 40)
209	0.82125	6.0	True	30000.0	False	1.0	5.0	2000.0	481.0	(40, 40)
76	0.82075	6.0	True	10000.0	False	1.0	5.0	1000.0	396.0	(40, 40)
359	0.8199166666666666	6.0	False	30000.0	False	6.0	30.0	2000.0	14036.0	(40, 40)
89	0.8195	6.0	True	10000.0	False	1.0	20.0	2000.0	396.0	(40, 40)
369	0.81825	6.0	False	30000.0	False	6.0	50.0	500.0	14036.0	(40, 40)
347	0.8153333333333334	6.0	False	30000.0	False	6.0	10.0	2000.0	14036.0	(40, 40)
149	0.815	6.0	True	10000.0	False	1.0	10.0	2000.0	396.0	(40, 40)
352	0.8146666666666667	6.0	False	30000.0	False	6.0	20.0	1000.0	14036.0	(40, 40)
388	0.8143333333333334	6.0	False	30000.0	False	6.0	80.0	1000.0	14036.0	(40, 40)
397	0.8131666666666667	6.0	False	30000.0	False	6.0	100.0	100.0	14036.0	(40, 40)
358	0.8126666666666666	6.0	False	30000.0	False	6.0	30.0	1000.0	14036.0	(40, 40)
337	0.812	6.0	False	30000.0	False	6.0	5.0	100.0	14036.0	(40, 40)
346	0.812	6.0	False	30000.0	False	6.0	10.0	1000.0	14036.0	(40, 40)
354	0.8115	6.0	False	30000.0	False	6.0	30.0	50.0	14036.0	(40, 40)
379	0.8115	6.0	False	30000.0	False	6.0	70.0	100.0	14036.0	(40, 40)
142	0.81125	6.0	True	10000.0	False	1.0	5.0	1000.0	396.0	(40, 40)
336	0.8109999999999999	6.0	False	30000.0	False	6.0	5.0	50.0	14036.0	(40, 40)
396	0.8106666666666666	6.0	False	30000.0	False	6.0	100.0	50.0	14036.0	(40, 40)
344	0.8105	6.0	False	30000.0	False	6.0	10.0	200.0	14036.0	(40, 40)
373	0.8095	6.0	False	30000.0	False	6.0	60.0	100.0	14036.0	(40, 40)
366	0.809	6.0	False	30000.0	False	6.0	50.0	50.0	14036.0	(40, 40)
368	0.8088333333333333	6.0	False	30000.0	False	6.0	50.0	200.0	14036.0	(40, 40)
400	0.8085	6.0	False	30000.0	False	6.0	100.0	1000.0	14036.0	(40, 40)
342	0.8085	6.0	False	30000.0	False	6.0	10.0	50.0	14036.0	(40, 40)
360	0.8081666666666667	6.0	False	30000.0	False	6.0	40.0	50.0	14036.0	(40, 40)
345	0.8073333333333333	6.0	False	30000.0	False	6.0	10.0	500.0	14036.0	(40, 40)
357	0.8066666666666666	6.0	False	30000.0	False	6.0	30.0	500.0	14036.0	(40, 40)
398	0.8066666666666666	6.0	False	30000.0	False	6.0	100.0	200.0	14036.0	(40, 40)
355	0.8051666666666667	6.0	False	30000.0	False	6.0	30.0	100.0	14036.0	(40, 40)
401	0.805	6.0	False	30000.0	False	6.0	100.0	2000.0	14036.0	(40, 40)
341	0.8045833333333333	6.0	False	30000.0	False	6.0	5.0	2000.0	14036.0	(40, 40)
353	0.8028333333333333	6.0	False	30000.0	False	6.0	20.0	2000.0	14036.0	(40, 40)
351	0.79975	6.0	False	30000.0	False	6.0	20.0	500.0	14036.0	(40, 40)
350	0.7980833333333334	6.0	False	30000.0	False	6.0	20.0	200.0	14036.0	(40, 40)
399	0.7975	6.0	False	30000.0	False	6.0	100.0	500.0	14036.0	(40, 40)
343	0.7973333333333333	6.0	False	30000.0	False	6.0	10.0	100.0	14036.0	(40, 40)
394	0.7954166666666667	6.0	False	30000.0	False	6.0	90.0	1000.0	14036.0	(40, 40)
363	0.7931666666666667	6.0	False	30000.0	False	6.0	40.0	500.0	14036.0	(40, 40)
338	0.7924166666666667	6.0	False	30000.0	False	6.0	5.0	200.0	14036.0	(40, 40)
374	0.7920833333333334	6.0	False	30000.0	False	6.0	60.0	200.0	14036.0	(40, 40)
370	0.7915833333333333	6.0	False	30000.0	False	6.0	50.0	1000.0	14036.0	(40, 40)
348	0.79125	6.0	False	30000.0	False	6.0	20.0	50.0	14036.0	(40, 40)
377	0.7905	6.0	False	30000.0	False	6.0	60.0	2000.0	14036.0	(40, 40)
143	0.7885	6.0	True	10000.0	False	1.0	5.0	2000.0	396.0	(40, 40)
389	0.7875	6.0	False	30000.0	False	6.0	80.0	2000.0	14036.0	(40, 40)
376	0.7874166666666667	6.0	False	30000.0	False	6.0	60.0	1000.0	14036.0	(40, 40)
83	0.78725	6.0	True	10000.0	False	1.0	10.0	2000.0	396.0	(40, 40)
395	0.7848333333333334	6.0	False	30000.0	False	6.0	90.0	2000.0	14036.0	(40, 40)
340	0.78475	6.0	False	30000.0	False	6.0	5.0	1000.0	14036.0	(40, 40)
387	0.782	6.0	False	30000.0	False	6.0	80.0	500.0	14036.0	(40, 40)
380	0.7796666666666666	6.0	False	30000.0	False	6.0	70.0	200.0	14036.0	(40, 40)
381	0.7748333333333334	6.0	False	30000.0	False	6.0	70.0	500.0	14036.0	(40, 40)
378	0.7746666666666666	6.0	False	30000.0	False	6.0	70.0	50.0	14036.0	(40, 40)
367	0.7745	6.0	False	30000.0	False	6.0	50.0	100.0	14036.0	(40, 40)
386	0.7719166666666667	6.0	False	30000.0	False	6.0	80.0	200.0	14036.0	(40, 40)
375	0.7711666666666667	6.0	False	30000.0	False	6.0	60.0	500.0	14036.0	(40, 40)
372	0.7706666666666667	6.0	False	30000.0	False	6.0	60.0	50.0	14036.0	(40, 40)
365	0.7705	6.0	False	30000.0	False	6.0	40.0	2000.0	14036.0	(40, 40)
390	0.7704166666666666	6.0	False	30000.0	False	6.0	90.0	50.0	14036.0	(40, 40)
364	0.77025	6.0	False	30000.0	False	6.0	40.0	1000.0	14036.0	(40, 40)
362	0.7694166666666666	6.0	False	30000.0	False	6.0	40.0	200.0	14036.0	(40, 40)
356	0.7686666666666667	6.0	False	30000.0	False	6.0	30.0	200.0	14036.0	(40, 40)
391	0.7666666666666667	6.0	False	30000.0	False	6.0	90.0	100.0	14036.0	(40, 40)
384	0.7665	6.0	False	30000.0	False	6.0	80.0	50.0	14036.0	(40, 40)
371	0.7656666666666667	6.0	False	30000.0	False	6.0	50.0	2000.0	14036.0	(40, 40)
382	0.7654166666666666	6.0	False	30000.0	False	6.0	70.0	1000.0	14036.0	(40, 40)
392	0.7636666666666667	6.0	False	30000.0	False	6.0	90.0	200.0	14036.0	(40, 40)
383	0.7633333333333333	6.0	False	30000.0	False	6.0	70.0	2000.0	14036.0	(40, 40)
349	0.76275	6.0	False	30000.0	False	6.0	20.0	100.0	14036.0	(40, 40)
361	0.7623333333333333	6.0	False	30000.0	False	6.0	40.0	100.0	14036.0	(40, 40)
393	0.7609999999999999	6.0	False	30000.0	False	6.0	90.0	500.0	14036.0	(40, 40)
385	0.7609999999999999	6.0	False	30000.0	False	6.0	80.0	100.0	14036.0	(40, 40)
339	0.7604166666666666	6.0	False	30000.0	False	6.0	5.0	500.0	14036.0	(40, 40)
